ID,Name,Email,Product Title,Price,Quantity
1,Ali Ahmadi,user1@example.com,,,
2,Sara Karimi,user2@example.com,,,
3,Reza Moradi,user3@example.com,,,
4,Niloofar Safari,user4@example.com,,,
5,Amin Akbari,user5@example.com,,,
6,Mahsa Hashemi,user6@example.com,,,
7,Hossein Ghasemi,user7@example.com,,,
8,Farid Azizi,user8@example.com,,,
9,Samira Rahimi,user9@example.com,,,
10,Mohammad Hosseini,user10@example.com,,,
11,Leila Farhadi,user11@example.com,,,
12,Arash Salari,user12@example.com,,,
13,Nasim Rostami,user13@example.com,,,
14,Pouya Ebrahimi,user14@example.com,,,
15,Kiana Nouri,user15@example.com,,,
16,Hamed Fallahi,user16@example.com,,,
17,Maryam Jafari,user17@example.com,,,
18,Sahar Mazaheri,user18@example.com,,,
19,Navid Amini,user19@example.com,,,
20,Yasmin Taheri,user20@example.com,,,
21," ",user21@example.com,,,
22," ",user22@example.com,,,
23," ",user23@example.com,,,
24," ",user24@example.com,,,
25," ",user25@example.com,,,
26," ",user26@example.com,,,
27," ",user27@example.com,,,
28," ",user28@example.com,,,
29," ",user29@example.com,,,
30," ",user30@example.com,,,
31," ",user31@example.com,,,
32," ",user32@example.com,,,
33," ",user33@example.com,,,
34," ",user34@example.com,,,
35," ",user35@example.com,,,
36," ",user36@example.com,,,
37," ",user37@example.com,,,
38," ",user38@example.com,,,
39," ",user39@example.com,,,
40," ",user40@example.com,,,
